Deductee,PAN,Section,Nature of payment,Date,Amount paid,Rate %,TDS,Challan,Deposited on
Mahesh Contractors,AMCPK7788D,194C,Civil work,12-07-2026,640000,1,6400,0004401,07-08-2026
Deepa Consultancy,ADPPD2211F,194J,Professional fees,18-07-2026,225000,10,22500,0004401,07-08-2026
Nagpur Transport Co.,AAFTN9090H,194C,Freight,02-08-2026,318000,2,6360,0004415,06-09-2026
Kiran Salvi,AKSPS1234Q,194J,Technical services,09-08-2026,90000,2,1800,0004415,06-09-2026
Vaibhav Rent LLP,AAVFV5566R,194I,Office rent,01-09-2026,480000,10,48000,0004427,05-10-2026
Sai Logistics,AASFS7788T,194C,Freight,14-09-2026,156000,2,3120,0004427,05-10-2026
Anand Printers,AAAPA3344M,194C,Printing,22-09-2026,74000,1,740,0004427,05-10-2026

"Prepared for Form 26Q, Quarter 2, FY 2026-27. Total TDS: 88920"
